id,name,age,city,email
7027,Andrew Owens,40,Atlanta,andrew.owens@example.com
6121,David Scott,64,Houston,david.scott@example.com
3149,Katherine Jackson,72,Austin,katherine.jackson@example.com
4760,Benjamin Williams,59,Chicago,benjamin.williams@example.com
5542,Emily White,30,San Francisco,emily.white@example.com
2367,George Harris,48,Dallas,george.harris@example.com
8145,Michael Brown,55,Denver,michael.brown@example.com
9821,Sarah Moore,27,Seattle,sarah.moore@example.com
2794,Jessica Clark,61,Miami,jessica.clark@example.com
4571,Mark Davis,39,New York,mark.davis@example.com
2840,Linda Miller,45,Los Angeles,linda.miller@example.com
1932,Patricia Lee,67,Philadelphia,patricia.lee@example.com
6892,Robert Harris,22,Portland,robert.harris@example.com
4681,John Martin,53,Boston,john.martin@example.com
5731,William Robinson,37,Phoenix,william.robinson@example.com
7345,Dorothy Evans,60,San Antonio,dorothy.evans@example.com
6415,Alice Wilson,50,Las Vegas,alice.wilson@example.com
5463,Charles Taylor,43,Sacramento,charles.taylor@example.com
2178,Helen Clark,74,San Diego,helen.clark@example.com
